ID,Pred
2022_1103_1124,0.058569832
2022_1116_1124,0.305029809
2022_1104_1124,0.195935917
2022_1120_1124,1
2022_1112_1124,1
2022_1124_1246,0.48592968
2022_1231_1246,0.16328827
2022_1103_1246,0.058794595
2022_1211_1246,0.637014934
2022_1181_1246,0.444557194
2022_1116_1246,0.340158035
2022_1163_1246,0.31150993
2022_1104_1246,0.200754295
2022_1129_1246,0.243481217
2022_1172_1246,0.172598529
2022_1168_1246,0.049212107
2022_1209_1246,0.062108709
2022_1242_1246,1
2022_1120_1246,1
2022_1234_1246,1
2022_1166_1246,1
2022_1235_1246,1
2022_1159_1246,1
2022_1240_1246,1
2022_1112_1246,1
2022_1228_1246,1
2022_1222_1246,1
2022_1161_1246,1
2022_1151_1246,1
2022_1174_1246,1
2022_1136_1246,1
2022_1124_1345,0.662510397
2022_1246_1345,0.583146799
2022_1293_1345,0.373687688
2022_1314_1345,0.30489937
2022_1266_1345,0.266779666
2022_1231_1345,0.323860249
2022_1103_1345,0.119941422
2022_1313_1345,0.078556404
2022_1211_1345,0.832324732
2022_1181_1345,0.55666209
2022_1116_1345,0.423268257
2022_1163_1345,0.437574316
2022_1104_1345,0.33225655
2022_1277_1345,0.317922341
2022_1129_1345,0.34109032
2022_1272_1345,0.370735978
2022_1172_1345,0.303600469
2022_1323_1345,0.248362071
2022_1308_1345,0.202545004
2022_1286_1345,0.090740608
2022_1168_1345,0.082281526
2022_1209_1345,0.119017205
2022_1242_1345,1
2022_1120_1345,1
2022_1344_1345,1
2022_1234_1345,1
2022_1261_1345,1
2022_1166_1345,1
2022_1274_1345,1
2022_1235_1345,1
2022_1159_1345,1
2022_1240_1345,1
2022_1112_1345,1
2022_1228_1345,1
2022_1222_1345,1
2022_1161_1345,1
2022_1326_1345,1
2022_1260_1345,1
2022_1276_1345,1
2022_1151_1345,1
2022_1255_1345,1
2022_1174_1345,1
2022_1136_1345,1
2022_1124_1417,0.546559797
2022_1246_1417,0.521998055
2022_1345_1417,0.418913466
2022_1388_1417,0.324575178
2022_1400_1417,0.399429362
2022_1293_1417,0.295110518
2022_1314_1417,0.234618079
2022_1266_1417,0.190091013
2022_1362_1417,0.269384103
2022_1231_1417,0.22441447
2022_1103_1417,0.071164938
2022_1389_1417,0.06128664
2022_1313_1417,0.047662427
2022_1211_1417,0.712996659
2022_1181_1417,0.49860178
2022_1403_1417,0.463911242
2022_1116_1417,0.338502335
2022_1163_1417,0.355445891
2022_1104_1417,0.250908332
2022_1277_1417,0.213109346
2022_1129_1417,0.267629443
2022_1272_1417,0.276813677
2022_1172_1417,0.214025619
2022_1323_1417,0.151315959
2022_1353_1417,0.129472991
2022_1308_1417,0.099956711
2022_1286_1417,0.054701022
2022_1168_1417,0.054266056
2022_1209_1417,0.062334493
2022_1242_1417,1
2022_1120_1417,1
2022_1344_1417,1
2022_1234_1417,1
2022_1261_1417,1
2022_1361_1417,1
2022_1166_1417,1
2022_1274_1417,1
2022_1235_1417,1
2022_1350_1417,1
2022_1355_1417,1
2022_1159_1417,1
2022_1240_1417,1
2022_1394_1417,1
2022_1411_1417,1
2022_1112_1417,1
2022_1397_1417,1
2022_1228_1417,1
2022_1222_1417,1
2022_1161_1417,1
2022_1326_1417,1
2022_1371_1417,1
2022_1395_1417,1
2022_1260_1417,1
2022_1276_1417,1
2022_1412_1417,1
2022_1151_1417,1
2022_1255_1417,1
2022_1174_1417,1
2022_1136_1417,1
2022_1124_1388,0.757340652
2022_1246_1388,0.675520921
2022_1345_1388,0.579978982
2022_1293_1388,0.466772346
2022_1314_1388,0.375229534
2022_1266_1388,0.35658398
2022_1362_1388,0.442138734
2022_1231_1388,0.399794987
2022_1103_1388,0.127317622
2022_1313_1388,0.09094468
2022_1211_1388,0.852916155
2022_1181_1388,0.634111375
2022_1116_1388,0.548823447
2022_1163_1388,0.524372629
2022_1104_1388,0.392283056
2022_1277_1388,0.40326493
2022_1129_1388,0.40701457
2022_1272_1388,0.456710389
2022_1172_1388,0.380653618
2022_1323_1388,0.323679787
2022_1353_1388,0.333653831
2022_1308_1388,0.275472917
2022_1286_1388,0.105993243
2022_1168_1388,0.101919356
2022_1209_1388,0.13049105
2022_1242_1388,1
2022_1120_1388,1
2022_1344_1388,1
2022_1234_1388,1
2022_1261_1388,1
2022_1361_1388,1
2022_1166_1388,1
2022_1274_1388,1
2022_1235_1388,1
2022_1350_1388,1
2022_1355_1388,1
2022_1159_1388,1
2022_1240_1388,1
2022_1112_1388,1
2022_1228_1388,1
2022_1222_1388,1
2022_1161_1388,1
2022_1326_1388,1
2022_1371_1388,1
2022_1260_1388,1
2022_1276_1388,1
2022_1151_1388,1
2022_1255_1388,1
2022_1174_1388,1
2022_1136_1388,1
2022_1124_1400,0.663556075
2022_1246_1400,0.595216783
2022_1345_1400,0.535933627
2022_1388_1400,0.384044213
2022_1293_1400,0.367249363
2022_1314_1400,0.310663392
2022_1266_1400,0.282149761
2022_1362_1400,0.358530685
2022_1231_1400,0.330381114
2022_1103_1400,0.099990919
2022_1389_1400,0.087696639
2022_1313_1400,0.067399462
2022_1211_1400,0.798745054
2022_1181_1400,0.565215583
2022_1116_1400,0.430541514
2022_1163_1400,0.439603251
2022_1104_1400,0.326013892
2022_1277_1400,0.336493548
2022_1129_1400,0.330598534
2022_1272_1400,0.37945516
2022_1172_1400,0.300402749
2022_1323_1400,0.246349931
2022_1353_1400,0.239433595
2022_1308_1400,0.194384272
2022_1286_1400,0.079632464
2022_1168_1400,0.078881751
2022_1209_1400,0.090412737
2022_1242_1400,1
2022_1120_1400,1
2022_1344_1400,1
2022_1234_1400,1
2022_1261_1400,1
2022_1361_1400,1
2022_1166_1400,1
2022_1274_1400,1
2022_1235_1400,1
2022_1350_1400,1
2022_1355_1400,1
2022_1159_1400,1
2022_1240_1400,1
2022_1394_1400,1
2022_1112_1400,1
2022_1397_1400,1
2022_1228_1400,1
2022_1222_1400,1
2022_1161_1400,1
2022_1326_1400,1
2022_1371_1400,1
2022_1395_1400,1
2022_1260_1400,1
2022_1276_1400,1
2022_1151_1400,1
2022_1255_1400,1
2022_1174_1400,1
2022_1136_1400,1
2022_1124_1293,0.769085429
2022_1246_1293,0.718532099
2022_1266_1293,0.351594527
2022_1231_1293,0.422891847
2022_1103_1293,0.160924963
2022_1211_1293,0.863828031
2022_1181_1293,0.676157641
2022_1116_1293,0.548695305
2022_1163_1293,0.535424059
2022_1104_1293,0.432316631
2022_1277_1293,0.427651466
2022_1129_1293,0.411607103
2022_1272_1293,0.46848389
2022_1172_1293,0.388542188
2022_1286_1293,0.13005707
2022_1168_1293,0.11311152
2022_1209_1293,0.151629796
2022_1242_1293,1
2022_1120_1293,1
2022_1234_1293,1
2022_1261_1293,1
2022_1166_1293,1
2022_1274_1293,1
2022_1235_1293,1
2022_1159_1293,1
2022_1240_1293,1
2022_1112_1293,1
2022_1228_1293,1
2022_1222_1293,1
2022_1161_1293,1
2022_1260_1293,1
2022_1276_1293,1
2022_1151_1293,1
2022_1255_1293,1
2022_1174_1293,1
2022_1136_1293,1
2022_1124_1314,0.864328137
2022_1246_1314,0.837468239
2022_1293_1314,0.554433195
2022_1266_1314,0.450787134
2022_1231_1314,0.500055426
2022_1103_1314,0.269811933
2022_1313_1314,0.160616746
2022_1211_1314,0.925898757
2022_1181_1314,0.801210084
2022_1116_1314,0.68084917
2022_1163_1314,0.674702165
2022_1104_1314,0.53391608
2022_1277_1314,0.468730057
2022_1129_1314,0.503918178
2022_1272_1314,0.576836792
2022_1172_1314,0.491630144
2022_1308_1314,0.377441755
2022_1286_1314,0.231312076
2022_1168_1314,0.197697834
2022_1209_1314,0.238109393
2022_1242_1314,1
2022_1120_1314,1
2022_1234_1314,1
2022_1261_1314,1
2022_1166_1314,1
2022_1274_1314,1
2022_1235_1314,1
2022_1159_1314,1
2022_1240_1314,1
2022_1112_1314,1
2022_1228_1314,1
2022_1222_1314,1
2022_1161_1314,1
2022_1260_1314,1
2022_1276_1314,1
2022_1151_1314,1
2022_1255_1314,1
2022_1174_1314,1
2022_1136_1314,1
2022_1124_1266,0.883675143
2022_1246_1266,0.868508765
2022_1231_1266,0.562751781
2022_1103_1266,0.338103892
2022_1211_1266,0.921007242
2022_1181_1266,0.816283759
2022_1116_1266,0.707245288
2022_1163_1266,0.693925945
2022_1104_1266,0.600671249
2022_1129_1266,0.542427587
2022_1172_1266,0.54513392
2022_1168_1266,0.250836981
2022_1209_1266,0.302562685
2022_1242_1266,1
2022_1120_1266,1
2022_1234_1266,1
2022_1261_1266,1
2022_1166_1266,1
2022_1235_1266,1
2022_1159_1266,1
2022_1240_1266,1
2022_1112_1266,1
2022_1228_1266,1
2022_1222_1266,1
2022_1161_1266,1
2022_1260_1266,1
2022_1151_1266,1
2022_1255_1266,1
2022_1174_1266,1
2022_1136_1266,1
2022_1124_1362,0.809075424
2022_1246_1362,0.769129104
2022_1345_1362,0.642957937
2022_1293_1362,0.485769053
2022_1314_1362,0.397210397
2022_1266_1362,0.398247347
2022_1231_1362,0.449580157
2022_1103_1362,0.18977151
2022_1313_1362,0.137070567
2022_1211_1362,0.881992407
2022_1181_1362,0.730804264
2022_1116_1362,0.558618057
2022_1163_1362,0.586431567
2022_1104_1362,0.434709191
2022_1277_1362,0.424655123
2022_1129_1362,0.454373279
2022_1272_1362,0.483109324
2022_1172_1362,0.436072843
2022_1323_1362,0.393630051
2022_1353_1362,0.372124417
2022_1308_1362,0.340954869
2022_1286_1362,0.155707411
2022_1168_1362,0.15382524
2022_1209_1362,0.208528315
2022_1242_1362,1
2022_1120_1362,1
2022_1344_1362,1
2022_1234_1362,1
2022_1261_1362,1
2022_1361_1362,1
2022_1166_1362,1
2022_1274_1362,1
2022_1235_1362,1
2022_1350_1362,1
2022_1355_1362,1
2022_1159_1362,1
2022_1240_1362,1
2022_1112_1362,1
2022_1228_1362,1
2022_1222_1362,1
2022_1161_1362,1
2022_1326_1362,1
2022_1260_1362,1
2022_1276_1362,1
2022_1151_1362,1
2022_1255_1362,1
2022_1174_1362,1
2022_1136_1362,1
2022_1124_1439,0.814682475
2022_1246_1439,0.777845312
2022_1345_1439,0.679446586
2022_1417_1439,0.746223909
2022_1388_1439,0.568707897
2022_1400_1439,0.640191212
2022_1293_1439,0.526762656
2022_1314_1439,0.443585383
2022_1266_1439,0.424279913
2022_1362_1439,0.505698691
2022_1231_1439,0.477114997
2022_1103_1439,0.258328298
2022_1389_1439,0.263647089
2022_1313_1439,0.186310807
2022_1211_1439,0.890874433
2022_1181_1439,0.753176337
2022_1403_1439,0.728814835
2022_1116_1439,0.610245266
2022_1163_1439,0.582693542
2022_1104_1439,0.468771226
2022_1277_1439,0.466539119
2022_1129_1439,0.472843284
2022_1272_1439,0.506498051
2022_1172_1439,0.437701539
2022_1323_1439,0.385904272
2022_1353_1439,0.397328252
2022_1308_1439,0.370786039
2022_1436_1439,0.416451447
2022_1286_1439,0.221146338
2022_1168_1439,0.201035309
2022_1209_1439,0.267199864
2022_1242_1439,1
2022_1120_1439,1
2022_1344_1439,1
2022_1234_1439,1
2022_1261_1439,1
2022_1425_1439,1
2022_1361_1439,1
2022_1166_1439,1
2022_1274_1439,1
2022_1235_1439,1
2022_1350_1439,1
2022_1355_1439,1
2022_1159_1439,1
2022_1240_1439,1
2022_1394_1439,1
2022_1411_1439,1
2022_1112_1439,1
2022_1437_1439,1
2022_1397_1439,1
2022_1228_1439,1
2022_1222_1439,1
2022_1161_1439,1
2022_1326_1439,1
2022_1371_1439,1
2022_1395_1439,1
2022_1260_1439,1
2022_1276_1439,1
2022_1412_1439,1
2022_1151_1439,1
2022_1255_1439,1
2022_1174_1439,1
2022_1136_1439,1
2022_1124_1231,0.841177108
2022_1103_1231,0.321040717
2022_1211_1231,0.916363063
2022_1181_1231,0.787267974
2022_1116_1231,0.63499398
2022_1163_1231,0.617819467
2022_1104_1231,0.484031993
2022_1129_1231,0.519010786
2022_1172_1231,0.455335431
2022_1168_1231,0.248889741
2022_1209_1231,0.266795541
2022_1120_1231,1
2022_1166_1231,1
2022_1159_1231,1
2022_1112_1231,1
2022_1228_1231,1
2022_1222_1231,1
2022_1161_1231,1
2022_1151_1231,1
2022_1174_1231,1
2022_1136_1231,1
2022_1124_1461,0.909477184
2022_1246_1461,0.889975394
2022_1345_1461,0.816549708
2022_1417_1461,0.875026752
2022_1388_1461,0.723842688
2022_1400_1461,0.786395254
2022_1293_1461,0.648623408
2022_1314_1461,0.579782832
2022_1266_1461,0.584158855
2022_1362_1461,0.642622311
2022_1439_1461,0.619981878
2022_1231_1461,0.628779793
2022_1103_1461,0.426139671
2022_1389_1461,0.386609618
2022_1313_1461,0.310762049
2022_1211_1461,0.947674236
2022_1181_1461,0.881234927
2022_1403_1461,0.837074487
2022_1116_1461,0.769621335
2022_1163_1461,0.766103981
2022_1104_1461,0.66433493
2022_1277_1461,0.596902351
2022_1129_1461,0.607512158
2022_1272_1461,0.657327332
2022_1172_1461,0.601630089
2022_1323_1461,0.539177507
2022_1353_1461,0.512933065
2022_1308_1461,0.459442375
2022_1436_1461,0.575834083
2022_1286_1461,0.369772169
2022_1168_1461,0.360169517
2022_1209_1461,0.391192918
2022_1242_1461,1
2022_1120_1461,1
2022_1458_1461,1
2022_1344_1461,1
2022_1234_1461,1
2022_1261_1461,1
2022_1425_1461,1
2022_1361_1461,1
2022_1166_1461,1
2022_1274_1461,1
2022_1235_1461,1
2022_1350_1461,1
2022_1355_1461,1
2022_1159_1461,1
2022_1240_1461,1
2022_1394_1461,1
2022_1411_1461,1
2022_1112_1461,1
2022_1437_1461,1
2022_1397_1461,1
2022_1228_1461,1
2022_1222_1461,1
2022_1161_1461,1
2022_1326_1461,1
2022_1371_1461,1
2022_1395_1461,1
2022_1260_1461,1
2022_1276_1461,1
2022_1412_1461,1
2022_1151_1461,1
2022_1255_1461,1
2022_1174_1461,1
2022_1136_1461,1
2022_1460_1461,1
2022_1124_1463,0.960133276
2022_1246_1463,0.961723679
2022_1345_1463,0.885501323
2022_1417_1463,0.953926149
2022_1388_1463,0.875054005
2022_1400_1463,0.921859433
2022_1293_1463,0.828252693
2022_1314_1463,0.742944319
2022_1266_1463,0.743056321
2022_1362_1463,0.789562476
2022_1439_1463,0.744008162
2022_1231_1463,0.725581389
2022_1461_1463,0.600410675
2022_1103_1463,0.552925064
2022_1389_1463,0.554750165
2022_1313_1463,0.477676537
2022_1211_1463,0.971526945
2022_1181_1463,0.955062628
2022_1403_1463,0.951294431
2022_1116_1463,0.924711477
2022_1163_1463,0.864432178
2022_1104_1463,0.791172449
2022_1277_1463,0.731592692
2022_1129_1463,0.774281873
2022_1272_1463,0.78720832
2022_1172_1463,0.733091773
2022_1323_1463,0.678556962
2022_1353_1463,0.636111903
2022_1308_1463,0.580823545
2022_1436_1463,0.662942895
2022_1286_1463,0.512081359
2022_1168_1463,0.52465077
2022_1209_1463,0.534166392
2022_1242_1463,1
2022_1120_1463,1
2022_1458_1463,1
2022_1344_1463,1
2022_1234_1463,1
2022_1261_1463,1
2022_1425_1463,1
2022_1361_1463,1
2022_1166_1463,1
2022_1274_1463,1
2022_1235_1463,1
2022_1350_1463,1
2022_1355_1463,1
2022_1159_1463,1
2022_1240_1463,1
2022_1394_1463,1
2022_1411_1463,1
2022_1112_1463,1
2022_1437_1463,1
2022_1397_1463,1
2022_1228_1463,1
2022_1222_1463,1
2022_1161_1463,1
2022_1326_1463,1
2022_1371_1463,1
2022_1395_1463,1
2022_1260_1463,1
2022_1276_1463,1
2022_1412_1463,1
2022_1151_1463,1
2022_1255_1463,1
2022_1174_1463,1
2022_1136_1463,1
2022_1460_1463,1
2022_1124_1389,0.940078173
2022_1246_1389,0.937601718
2022_1345_1389,0.842131702
2022_1388_1389,0.807086955
2022_1293_1389,0.767088661
2022_1314_1389,0.683787572
2022_1266_1389,0.671032483
2022_1362_1389,0.736278957
2022_1231_1389,0.696523731
2022_1103_1389,0.487686225
2022_1313_1389,0.447116107
2022_1211_1389,0.947319973
2022_1181_1389,0.914895919
2022_1116_1389,0.835696401
2022_1163_1389,0.815836862
2022_1104_1389,0.733710631
2022_1277_1389,0.68948431
2022_1129_1389,0.705104726
2022_1272_1389,0.735058
2022_1172_1389,0.686862759
2022_1323_1389,0.629484862
2022_1353_1389,0.606834641
2022_1308_1389,0.548773709
2022_1286_1389,0.459430061
2022_1168_1389,0.48847815
2022_1209_1389,0.503954272
2022_1242_1389,1
2022_1120_1389,1
2022_1344_1389,1
2022_1234_1389,1
2022_1261_1389,1
2022_1361_1389,1
2022_1166_1389,1
2022_1274_1389,1
2022_1235_1389,1
2022_1350_1389,1
2022_1355_1389,1
2022_1159_1389,1
2022_1240_1389,1
2022_1112_1389,1
2022_1228_1389,1
2022_1222_1389,1
2022_1161_1389,1
2022_1326_1389,1
2022_1371_1389,1
2022_1260_1389,1
2022_1276_1389,1
2022_1151_1389,1
2022_1255_1389,1
2022_1174_1389,1
2022_1136_1389,1
2022_1124_1313,0.958137964
2022_1246_1313,0.959197424
2022_1293_1313,0.811345985
2022_1266_1313,0.746460829
2022_1231_1313,0.783287459
2022_1103_1313,0.571970119
2022_1211_1313,0.967458062
2022_1181_1313,0.948122033
2022_1116_1313,0.903217018
2022_1163_1313,0.909296449
2022_1104_1313,0.813928295
2022_1277_1313,0.784265835
2022_1129_1313,0.749824838
2022_1272_1313,0.820347436
2022_1172_1313,0.740420999
2022_1308_1313,0.577588351
2022_1286_1313,0.548849908
2022_1168_1313,0.549271801
2022_1209_1313,0.539624146
2022_1242_1313,1
2022_1120_1313,1
2022_1234_1313,1
2022_1261_1313,1
2022_1166_1313,1
2022_1274_1313,1
2022_1235_1313,1
2022_1159_1313,1
2022_1240_1313,1
2022_1112_1313,1
2022_1228_1313,1
2022_1222_1313,1
2022_1161_1313,1
2022_1260_1313,1
2022_1276_1313,1
2022_1151_1313,1
2022_1255_1313,1
2022_1174_1313,1
2022_1136_1313,1
2022_1124_1211,0.348610793
2022_1103_1211,0.047524586
2022_1181_1211,0.272254961
2022_1116_1211,0.168075846
2022_1163_1211,0.166652387
2022_1104_1211,0.097612222
2022_1129_1211,0.134555643
2022_1172_1211,0.086111907
2022_1168_1211,0.044381245
2022_1209_1211,0.049313585
2022_1120_1211,1
2022_1166_1211,1
2022_1159_1211,1
2022_1112_1211,1
2022_1161_1211,1
2022_1151_1211,1
2022_1174_1211,1
2022_1136_1211,1
2022_1124_1181,0.576870723
2022_1103_1181,0.071455879
2022_1116_1181,0.37123242
2022_1163_1181,0.356528499
2022_1104_1181,0.26141771
2022_1129_1181,0.283943851
2022_1172_1181,0.226753693
2022_1168_1181,0.064565717
2022_1120_1181,1
2022_1166_1181,1
2022_1159_1181,1
2022_1112_1181,1
2022_1161_1181,1
2022_1151_1181,1
2022_1174_1181,1
2022_1136_1181,1
2022_1124_1403,0.55814946
2022_1246_1403,0.544592385
2022_1345_1403,0.420019597
2022_1388_1403,0.353211156
2022_1400_1403,0.417547854
2022_1293_1403,0.311668866
2022_1314_1403,0.246728623
2022_1266_1403,0.213605457
2022_1362_1403,0.297514093
2022_1231_1403,0.242900414
2022_1103_1403,0.070342374
2022_1389_1403,0.061639788
2022_1313_1403,0.046656001
2022_1211_1403,0.693752452
2022_1181_1403,0.48858713
2022_1116_1403,0.395693883
2022_1163_1403,0.382866372
2022_1104_1403,0.278869282
2022_1277_1403,0.227870481
2022_1129_1403,0.296851147
2022_1272_1403,0.295040801
2022_1172_1403,0.242232839
2022_1323_1403,0.180609588
2022_1353_1403,0.149659178
2022_1308_1403,0.104583702
2022_1286_1403,0.054326348
2022_1168_1403,0.056155778
2022_1209_1403,0.072732236
2022_1242_1403,1
2022_1120_1403,1
2022_1344_1403,1
2022_1234_1403,1
2022_1261_1403,1
2022_1361_1403,1
2022_1166_1403,1
2022_1274_1403,1
2022_1235_1403,1
2022_1350_1403,1
2022_1355_1403,1
2022_1159_1403,1
2022_1240_1403,1
2022_1394_1403,1
2022_1112_1403,1
2022_1397_1403,1
2022_1228_1403,1
2022_1222_1403,1
2022_1161_1403,1
2022_1326_1403,1
2022_1371_1403,1
2022_1395_1403,1
2022_1260_1403,1
2022_1276_1403,1
2022_1151_1403,1
2022_1255_1403,1
2022_1174_1403,1
2022_1136_1403,1
2022_1103_1116,0.096555165
2022_1104_1116,0.339042402
2022_1112_1116,1
2022_1124_1163,0.722179986
2022_1103_1163,0.118179513
2022_1116_1163,0.457271162
2022_1104_1163,0.335744298
2022_1129_1163,0.354969211
2022_1120_1163,1
2022_1159_1163,1
2022_1112_1163,1
2022_1161_1163,1
2022_1151_1163,1
2022_1136_1163,1
2022_1103_1104,0.224692616
2022_1124_1277,0.83328698
2022_1246_1277,0.803853592
2022_1266_1277,0.442486557
2022_1231_1277,0.529869668
2022_1103_1277,0.345157006
2022_1211_1277,0.909302911
2022_1181_1277,0.76718929
2022_1116_1277,0.625080395
2022_1163_1277,0.607169523
2022_1104_1277,0.525253597
2022_1129_1277,0.522770823
2022_1272_1277,0.557753413
2022_1172_1277,0.514861064
2022_1168_1277,0.259222965
2022_1209_1277,0.257126921
2022_1242_1277,1
2022_1120_1277,1
2022_1234_1277,1
2022_1261_1277,1
2022_1166_1277,1
2022_1274_1277,1
2022_1235_1277,1
2022_1159_1277,1
2022_1240_1277,1
2022_1112_1277,1
2022_1228_1277,1
2022_1222_1277,1
2022_1161_1277,1
2022_1260_1277,1
2022_1276_1277,1
2022_1151_1277,1
2022_1255_1277,1
2022_1174_1277,1
2022_1136_1277,1
2022_1124_1129,0.822282865
2022_1103_1129,0.243049572
2022_1116_1129,0.633801964
2022_1104_1129,0.48959745
2022_1120_1129,1
2022_1112_1129,1
2022_1124_1272,0.798933382
2022_1246_1272,0.763336316
2022_1266_1272,0.400803863
2022_1231_1272,0.45709256
2022_1103_1272,0.262785393
2022_1211_1272,0.890718802
2022_1181_1272,0.711173635
2022_1116_1272,0.57030774
2022_1163_1272,0.593324163
2022_1104_1272,0.447012903
2022_1129_1272,0.447762021
2022_1172_1272,0.42740719
2022_1168_1272,0.183419755
2022_1209_1272,0.230037819
2022_1242_1272,1
2022_1120_1272,1
2022_1234_1272,1
2022_1261_1272,1
2022_1166_1272,1
2022_1235_1272,1
2022_1159_1272,1
2022_1240_1272,1
2022_1112_1272,1
2022_1228_1272,1
2022_1222_1272,1
2022_1161_1272,1
2022_1260_1272,1
2022_1151_1272,1
2022_1255_1272,1
2022_1174_1272,1
2022_1136_1272,1
2022_1124_1172,0.854616659
2022_1103_1172,0.326912264
2022_1116_1172,0.671960117
2022_1163_1172,0.644774667
2022_1104_1172,0.507429225
2022_1129_1172,0.545921922
2022_1168_1172,0.23791221
2022_1120_1172,1
2022_1166_1172,1
2022_1159_1172,1
2022_1112_1172,1
2022_1161_1172,1
2022_1151_1172,1
2022_1136_1172,1
2022_1124_1323,0.883871239
2022_1246_1323,0.862471768
2022_1293_1323,0.623477338
2022_1314_1323,0.524557869
2022_1266_1323,0.525988426
2022_1231_1323,0.564934696
2022_1103_1323,0.37607148
2022_1313_1323,0.272772115
2022_1211_1323,0.928844571
2022_1181_1323,0.847041579
2022_1116_1323,0.713949998
2022_1163_1323,0.702071577
2022_1104_1323,0.576810324
2022_1277_1323,0.567049777
2022_1129_1323,0.573627798
2022_1272_1323,0.615955331
2022_1172_1323,0.5522998
2022_1308_1323,0.430515571
2022_1286_1323,0.323145192
2022_1168_1323,0.323227773
2022_1209_1323,0.348975873
2022_1242_1323,1
2022_1120_1323,1
2022_1234_1323,1
2022_1261_1323,1
2022_1166_1323,1
2022_1274_1323,1
2022_1235_1323,1
2022_1159_1323,1
2022_1240_1323,1
2022_1112_1323,1
2022_1228_1323,1
2022_1222_1323,1
2022_1161_1323,1
2022_1260_1323,1
2022_1276_1323,1
2022_1151_1323,1
2022_1255_1323,1
2022_1174_1323,1
2022_1136_1323,1
2022_1124_1353,0.878583897
2022_1246_1353,0.843317616
2022_1345_1353,0.757910443
2022_1293_1353,0.61448882
2022_1314_1353,0.548811949
2022_1266_1353,0.536841937
2022_1231_1353,0.576260404
2022_1103_1353,0.396109462
2022_1313_1353,0.30593981
2022_1211_1353,0.909369088
2022_1181_1353,0.832420043
2022_1116_1353,0.712629633
2022_1163_1353,0.685100359
2022_1104_1353,0.597390536
2022_1277_1353,0.562776914
2022_1129_1353,0.564020382
2022_1272_1353,0.608172156
2022_1172_1353,0.551646731
2022_1323_1353,0.505268856
2022_1308_1353,0.486792779
2022_1286_1353,0.34675605
2022_1168_1353,0.366465908
2022_1209_1353,0.389742782
2022_1242_1353,1
2022_1120_1353,1
2022_1344_1353,1
2022_1234_1353,1
2022_1261_1353,1
2022_1166_1353,1
2022_1274_1353,1
2022_1235_1353,1
2022_1350_1353,1
2022_1159_1353,1
2022_1240_1353,1
2022_1112_1353,1
2022_1228_1353,1
2022_1222_1353,1
2022_1161_1353,1
2022_1326_1353,1
2022_1260_1353,1
2022_1276_1353,1
2022_1151_1353,1
2022_1255_1353,1
2022_1174_1353,1
2022_1136_1353,1
2022_1124_1308,0.900985072
2022_1246_1308,0.880071703
2022_1293_1308,0.644711584
2022_1266_1308,0.581827568
2022_1231_1308,0.621627267
2022_1103_1308,0.473861383
2022_1211_1308,0.937414757
2022_1181_1308,0.866148764
2022_1116_1308,0.763574217
2022_1163_1308,0.736153056
2022_1104_1308,0.648478955
2022_1277_1308,0.611641477
2022_1129_1308,0.581135326
2022_1272_1308,0.657139204
2022_1172_1308,0.586940407
2022_1286_1308,0.407488655
2022_1168_1308,0.432759608
2022_1209_1308,0.425874089
2022_1242_1308,1
2022_1120_1308,1
2022_1234_1308,1
2022_1261_1308,1
2022_1166_1308,1
2022_1274_1308,1
2022_1235_1308,1
2022_1159_1308,1
2022_1240_1308,1
2022_1112_1308,1
2022_1228_1308,1
2022_1222_1308,1
2022_1161_1308,1
2022_1260_1308,1
2022_1276_1308,1
2022_1151_1308,1
2022_1255_1308,1
2022_1174_1308,1
2022_1136_1308,1
2022_1124_1436,0.869199945
2022_1246_1436,0.835367491
2022_1345_1436,0.748992545
2022_1417_1436,0.822914937
2022_1388_1436,0.672584299
2022_1400_1436,0.728573611
2022_1293_1436,0.619453137
2022_1314_1436,0.527831849
2022_1266_1436,0.4964848
2022_1362_1436,0.583120438
2022_1231_1436,0.553338708
2022_1103_1436,0.358907264
2022_1389_1436,0.33046371
2022_1313_1436,0.239327218
2022_1211_1436,0.913387607
2022_1181_1436,0.810910745
2022_1403_1436,0.793892952
2022_1116_1436,0.721929992
2022_1163_1436,0.67407401
2022_1104_1436,0.602233205
2022_1277_1436,0.550194049
2022_1129_1436,0.540580947
2022_1272_1436,0.606988111
2022_1172_1436,0.509114734
2022_1323_1436,0.45071601
2022_1353_1436,0.457875019
2022_1308_1436,0.431409705
2022_1286_1436,0.301441712
2022_1168_1436,0.271000502
2022_1209_1436,0.318774524
2022_1242_1436,1
2022_1120_1436,1
2022_1344_1436,1
2022_1234_1436,1
2022_1261_1436,1
2022_1425_1436,1
2022_1361_1436,1
2022_1166_1436,1
2022_1274_1436,1
2022_1235_1436,1
2022_1350_1436,1
2022_1355_1436,1
2022_1159_1436,1
2022_1240_1436,1
2022_1394_1436,1
2022_1411_1436,1
2022_1112_1436,1
2022_1397_1436,1
2022_1228_1436,1
2022_1222_1436,1
2022_1161_1436,1
2022_1326_1436,1
2022_1371_1436,1
2022_1395_1436,1
2022_1260_1436,1
2022_1276_1436,1
2022_1412_1436,1
2022_1151_1436,1
2022_1255_1436,1
2022_1174_1436,1
2022_1136_1436,1
2022_1124_1286,0.957601627
2022_1246_1286,0.961142143
2022_1266_1286,0.717928659
2022_1231_1286,0.727732553
2022_1103_1286,0.537889937
2022_1211_1286,0.971712236
2022_1181_1286,0.954473803
2022_1116_1286,0.917041266
2022_1163_1286,0.873154366
2022_1104_1286,0.780722786
2022_1277_1286,0.734135599
2022_1129_1286,0.766359208
2022_1272_1286,0.771574178
2022_1172_1286,0.720356189
2022_1168_1286,0.522722477
2022_1209_1286,0.533510909
2022_1242_1286,1
2022_1120_1286,1
2022_1234_1286,1
2022_1261_1286,1
2022_1166_1286,1
2022_1274_1286,1
2022_1235_1286,1
2022_1159_1286,1
2022_1240_1286,1
2022_1112_1286,1
2022_1228_1286,1
2022_1222_1286,1
2022_1161_1286,1
2022_1260_1286,1
2022_1276_1286,1
2022_1151_1286,1
2022_1255_1286,1
2022_1174_1286,1
2022_1136_1286,1
2022_1124_1168,0.95655434
2022_1103_1168,0.514837129
2022_1116_1168,0.929319092
2022_1163_1168,0.90553299
2022_1104_1168,0.847346638
2022_1129_1168,0.810751959
2022_1120_1168,1
2022_1166_1168,1
2022_1159_1168,1
2022_1112_1168,1
2022_1161_1168,1
2022_1151_1168,1
2022_1136_1168,1
2022_1124_1209,0.949571802
2022_1103_1209,0.535077588
2022_1181_1209,0.930613589
2022_1116_1209,0.90817931
2022_1163_1209,0.864393968
2022_1104_1209,0.766952348
2022_1129_1209,0.74443911
2022_1172_1209,0.670462473
2022_1168_1209,0.505236754
2022_1120_1209,1
2022_1166_1209,1
2022_1159_1209,1
2022_1112_1209,1
2022_1161_1209,1
2022_1151_1209,1
2022_1174_1209,1
2022_1136_1209,1
2022_1124_1242,1
2022_1231_1242,1
2022_1103_1242,1
2022_1211_1242,1
2022_1181_1242,1
2022_1116_1242,1
2022_1163_1242,1
2022_1104_1242,1
2022_1129_1242,1
2022_1172_1242,1
2022_1168_1242,1
2022_1209_1242,1
2022_1120_1242,0.503507806
2022_1234_1242,0.379973022
2022_1166_1242,0.11113809
2022_1235_1242,0.258682961
2022_1159_1242,0.061668447
2022_1240_1242,0.052236478
2022_1112_1242,0.550336194
2022_1228_1242,0.33338239
2022_1222_1242,0.565963739
2022_1161_1242,0.292480282
2022_1151_1242,0.130750333
2022_1174_1242,0.054369198
2022_1136_1242,0.039669743
2022_1103_1120,1
2022_1116_1120,1
2022_1104_1120,1
2022_1112_1120,0.547089055
2022_1124_1458,1
2022_1246_1458,1
2022_1345_1458,1
2022_1417_1458,1
2022_1388_1458,1
2022_1400_1458,1
2022_1293_1458,1
2022_1314_1458,1
2022_1266_1458,1
2022_1362_1458,1
2022_1439_1458,1
2022_1231_1458,1
2022_1103_1458,1
2022_1389_1458,1
2022_1313_1458,1
2022_1211_1458,1
2022_1181_1458,1
2022_1403_1458,1
2022_1116_1458,1
2022_1163_1458,1
2022_1104_1458,1
2022_1277_1458,1
2022_1129_1458,1
2022_1272_1458,1
2022_1172_1458,1
2022_1323_1458,1
2022_1353_1458,1
2022_1308_1458,1
2022_1436_1458,1
2022_1286_1458,1
2022_1168_1458,1
2022_1209_1458,1
2022_1242_1458,0.705009476
2022_1120_1458,0.712050494
2022_1344_1458,0.397614353
2022_1234_1458,0.616376411
2022_1261_1458,0.639835023
2022_1425_1458,0.432181551
2022_1361_1458,0.468377069
2022_1166_1458,0.300557913
2022_1274_1458,0.345825042
2022_1235_1458,0.404127252
2022_1350_1458,0.32937555
2022_1355_1458,0.292691918
2022_1159_1458,0.167839586
2022_1240_1458,0.124153069
2022_1394_1458,0.073816733
2022_1411_1458,0.07416798
2022_1112_1458,0.746293873
2022_1437_1458,0.694593193
2022_1397_1458,0.736405918
2022_1228_1458,0.519345699
2022_1222_1458,0.780675623
2022_1161_1458,0.438503012
2022_1326_1458,0.47361222
2022_1371_1458,0.48027932
2022_1395_1458,0.36948577
2022_1260_1458,0.479455517
2022_1276_1458,0.388808028
2022_1412_1458,0.424617931
2022_1151_1458,0.310347788
2022_1255_1458,0.177635125
2022_1174_1458,0.120047461
2022_1136_1458,0.066778026
2022_1124_1344,1
2022_1246_1344,1
2022_1293_1344,1
2022_1314_1344,1
2022_1266_1344,1
2022_1231_1344,1
2022_1103_1344,1
2022_1313_1344,1
2022_1211_1344,1
2022_1181_1344,1
2022_1116_1344,1
2022_1163_1344,1
2022_1104_1344,1
2022_1277_1344,1
2022_1129_1344,1
2022_1272_1344,1
2022_1172_1344,1
2022_1323_1344,1
2022_1308_1344,1
2022_1286_1344,1
2022_1168_1344,1
2022_1209_1344,1
2022_1242_1344,0.791258381
2022_1120_1344,0.779445502
2022_1234_1344,0.699436617
2022_1261_1344,0.718537054
2022_1166_1344,0.375199214
2022_1274_1344,0.426116252
2022_1235_1344,0.470185377
2022_1159_1344,0.238843978
2022_1240_1344,0.172217127
2022_1112_1344,0.817905873
2022_1228_1344,0.584218834
2022_1222_1344,0.809977203
2022_1161_1344,0.530473354
2022_1326_1344,0.524480366
2022_1260_1344,0.571641149
2022_1276_1344,0.465717904
2022_1151_1344,0.40426062
2022_1255_1344,0.271000579
2022_1174_1344,0.20152725
2022_1136_1344,0.087008011
2022_1124_1234,1
2022_1231_1234,1
2022_1103_1234,1
2022_1211_1234,1
2022_1181_1234,1
2022_1116_1234,1
2022_1163_1234,1
2022_1104_1234,1
2022_1129_1234,1
2022_1172_1234,1
2022_1168_1234,1
2022_1209_1234,1
2022_1120_1234,0.571805105
2022_1166_1234,0.186084576
2022_1159_1234,0.080829031
2022_1112_1234,0.648680445
2022_1228_1234,0.434868082
2022_1222_1234,0.675733935
2022_1161_1234,0.34751384
2022_1151_1234,0.196103522
2022_1174_1234,0.067994059
2022_1136_1234,0.054964958
2022_1124_1261,1
2022_1246_1261,1
2022_1231_1261,1
2022_1103_1261,1
2022_1211_1261,1
2022_1181_1261,1
2022_1116_1261,1
2022_1163_1261,1
2022_1104_1261,1
2022_1129_1261,1
2022_1172_1261,1
2022_1168_1261,1
2022_1209_1261,1
2022_1242_1261,0.513108168
2022_1120_1261,0.531366647
2022_1234_1261,0.461115421
2022_1166_1261,0.188022882
2022_1235_1261,0.321493764
2022_1159_1261,0.080914486
2022_1240_1261,0.062232944
2022_1112_1261,0.597055738
2022_1228_1261,0.375043544
2022_1222_1261,0.587454012
2022_1161_1261,0.316750764
2022_1260_1261,0.358823681
2022_1151_1261,0.218185405
2022_1255_1261,0.101369498
2022_1174_1261,0.066439247
2022_1136_1261,0.043829388
2022_1124_1425,1
2022_1246_1425,1
2022_1345_1425,1
2022_1417_1425,1
2022_1388_1425,1
2022_1400_1425,1
2022_1293_1425,1
2022_1314_1425,1
2022_1266_1425,1
2022_1362_1425,1
2022_1231_1425,1
2022_1103_1425,1
2022_1389_1425,1
2022_1313_1425,1
2022_1211_1425,1
2022_1181_1425,1
2022_1403_1425,1
2022_1116_1425,1
2022_1163_1425,1
2022_1104_1425,1
2022_1277_1425,1
2022_1129_1425,1
2022_1272_1425,1
2022_1172_1425,1
2022_1323_1425,1
2022_1353_1425,1
2022_1308_1425,1
2022_1286_1425,1
2022_1168_1425,1
2022_1209_1425,1
2022_1242_1425,0.775259438
2022_1120_1425,0.779730095
2022_1344_1425,0.475761137
2022_1234_1425,0.665665026
2022_1261_1425,0.684647493
2022_1361_1425,0.560471785
2022_1166_1425,0.383771746
2022_1274_1425,0.437355357
2022_1235_1425,0.491793986
2022_1350_1425,0.416527907
2022_1355_1425,0.403459969
2022_1159_1425,0.314980513
2022_1240_1425,0.238647453
2022_1394_1425,0.133804924
2022_1411_1425,0.116206576
2022_1112_1425,0.816564207
2022_1397_1425,0.769170446
2022_1228_1425,0.600969117
2022_1222_1425,0.814533543
2022_1161_1425,0.515602462
2022_1326_1425,0.536862703
2022_1371_1425,0.547876511
2022_1395_1425,0.472548013
2022_1260_1425,0.556683204
2022_1276_1425,0.473180335
2022_1412_1425,0.533037504
2022_1151_1425,0.421956587
2022_1255_1425,0.294234185
2022_1174_1425,0.246603981
2022_1136_1425,0.120523535
2022_1124_1361,1
2022_1246_1361,1
2022_1345_1361,1
2022_1293_1361,1
2022_1314_1361,1
2022_1266_1361,1
2022_1231_1361,1
2022_1103_1361,1
2022_1313_1361,1
2022_1211_1361,1
2022_1181_1361,1
2022_1116_1361,1
2022_1163_1361,1
2022_1104_1361,1
2022_1277_1361,1
2022_1129_1361,1
2022_1272_1361,1
2022_1172_1361,1
2022_1323_1361,1
2022_1353_1361,1
2022_1308_1361,1
2022_1286_1361,1
2022_1168_1361,1
2022_1209_1361,1
2022_1242_1361,0.68046781
2022_1120_1361,0.666402724
2022_1344_1361,0.409891054
2022_1234_1361,0.605911384
2022_1261_1361,0.635120887
2022_1166_1361,0.344079621
2022_1274_1361,0.394908711
2022_1235_1361,0.431975469
2022_1350_1361,0.383228605
2022_1355_1361,0.334388909
2022_1159_1361,0.227879561
2022_1240_1361,0.124721496
2022_1112_1361,0.737032367
2022_1228_1361,0.518805524
2022_1222_1361,0.719904775
2022_1161_1361,0.449161635
2022_1326_1361,0.447462163
2022_1260_1361,0.503202862
2022_1276_1361,0.419611975
2022_1151_1361,0.3556114
2022_1255_1361,0.235259223
2022_1174_1361,0.137295416
2022_1136_1361,0.080125677
2022_1124_1166,1
2022_1103_1166,1
2022_1116_1166,1
2022_1163_1166,1
2022_1104_1166,1
2022_1129_1166,1
2022_1120_1166,0.863938065
2022_1159_1166,0.398245851
2022_1112_1166,0.870880796
2022_1161_1166,0.599164927
2022_1151_1166,0.521091917
2022_1136_1166,0.269856263
2022_1124_1274,1
2022_1246_1274,1
2022_1266_1274,1
2022_1231_1274,1
2022_1103_1274,1
2022_1211_1274,1
2022_1181_1274,1
2022_1116_1274,1
2022_1163_1274,1
2022_1104_1274,1
2022_1129_1274,1
2022_1272_1274,1
2022_1172_1274,1
2022_1168_1274,1
2022_1209_1274,1
2022_1242_1274,0.838470602
2022_1120_1274,0.823034952
2022_1234_1274,0.752209812
2022_1261_1274,0.766432356
2022_1166_1274,0.452918352
2022_1235_1274,0.523161109
2022_1159_1274,0.330635871
2022_1240_1274,0.286662853
2022_1112_1274,0.867364264
2022_1228_1274,0.683634207
2022_1222_1274,0.853627439
2022_1161_1274,0.577471117
2022_1260_1274,0.602383537
2022_1151_1274,0.433515312
2022_1255_1274,0.301805435
2022_1174_1274,0.291761409
2022_1136_1274,0.182067875
2022_1124_1235,1
2022_1231_1235,1
2022_1103_1235,1
2022_1211_1235,1
2022_1181_1235,1
2022_1116_1235,1
2022_1163_1235,1
2022_1104_1235,1
2022_1129_1235,1
2022_1172_1235,1
2022_1168_1235,1
2022_1209_1235,1
2022_1120_1235,0.757608714
2022_1234_1235,0.664602769
2022_1166_1235,0.390943104
2022_1159_1235,0.300091416
2022_1112_1235,0.80051745
2022_1228_1235,0.594436838
2022_1222_1235,0.793269868
2022_1161_1235,0.517574736
2022_1151_1235,0.402494619
2022_1174_1235,0.24829931
2022_1136_1235,0.12032282
2022_1124_1350,1
2022_1246_1350,1
2022_1345_1350,1
2022_1293_1350,1
2022_1314_1350,1
2022_1266_1350,1
2022_1231_1350,1
2022_1103_1350,1
2022_1313_1350,1
2022_1211_1350,1
2022_1181_1350,1
2022_1116_1350,1
2022_1163_1350,1
2022_1104_1350,1
2022_1277_1350,1
2022_1129_1350,1
2022_1272_1350,1
2022_1172_1350,1
2022_1323_1350,1
2022_1308_1350,1
2022_1286_1350,1
2022_1168_1350,1
2022_1209_1350,1
2022_1242_1350,0.843312014
2022_1120_1350,0.844388071
2022_1344_1350,0.57559299
2022_1234_1350,0.791857862
2022_1261_1350,0.788405687
2022_1166_1350,0.496993086
2022_1274_1350,0.529334685
2022_1235_1350,0.556391764
2022_1159_1350,0.379765274
2022_1240_1350,0.367531488
2022_1112_1350,0.850428968
2022_1228_1350,0.716552397
2022_1222_1350,0.867260988
2022_1161_1350,0.575965632
2022_1326_1350,0.611775024
2022_1260_1350,0.607897259
2022_1276_1350,0.581423983
2022_1151_1350,0.498415527
2022_1255_1350,0.357008959
2022_1174_1350,0.348282036
2022_1136_1350,0.258605676
2022_1124_1355,1
2022_1246_1355,1
2022_1345_1355,1
2022_1293_1355,1
2022_1314_1355,1
2022_1266_1355,1
2022_1231_1355,1
2022_1103_1355,1
2022_1313_1355,1
2022_1211_1355,1
2022_1181_1355,1
2022_1116_1355,1
2022_1163_1355,1
2022_1104_1355,1
2022_1277_1355,1
2022_1129_1355,1
2022_1272_1355,1
2022_1172_1355,1
2022_1323_1355,1
2022_1353_1355,1
2022_1308_1355,1
2022_1286_1355,1
2022_1168_1355,1
2022_1209_1355,1
2022_1242_1355,0.881404916
2022_1120_1355,0.87595622
2022_1344_1355,0.603191965
2022_1234_1355,0.830701944
2022_1261_1355,0.82007607
2022_1166_1355,0.469746186
2022_1274_1355,0.534570359
2022_1235_1355,0.55773989
2022_1350_1355,0.514330101
2022_1159_1355,0.380172884
2022_1240_1355,0.346834165
2022_1112_1355,0.901005355
2022_1228_1355,0.743434489
2022_1222_1355,0.903008911
2022_1161_1355,0.623154836
2022_1326_1355,0.654252158
2022_1260_1355,0.661550001
2022_1276_1355,0.588645603
2022_1151_1355,0.500553026
2022_1255_1355,0.376522698
2022_1174_1355,0.34154822
2022_1136_1355,0.222257536
2022_1124_1159,1
2022_1103_1159,1
2022_1116_1159,1
2022_1104_1159,1
2022_1129_1159,1
2022_1120_1159,0.950201905
2022_1112_1159,0.945072296
2022_1151_1159,0.601260743
2022_1136_1159,0.412189929
2022_1124_1240,1
2022_1231_1240,1
2022_1103_1240,1
2022_1211_1240,1
2022_1181_1240,1
2022_1116_1240,1
2022_1163_1240,1
2022_1104_1240,1
2022_1129_1240,1
2022_1172_1240,1
2022_1168_1240,1
2022_1209_1240,1
2022_1120_1240,0.949324819
2022_1234_1240,0.928182291
2022_1166_1240,0.576832859
2022_1235_1240,0.762243944
2022_1159_1240,0.531337791
2022_1112_1240,0.956559986
2022_1228_1240,0.87171483
2022_1222_1240,0.953977984
2022_1161_1240,0.814559393
2022_1151_1240,0.607327115
2022_1174_1240,0.510903073
2022_1136_1240,0.433267117
2022_1124_1394,1
2022_1246_1394,1
2022_1345_1394,1
2022_1388_1394,1
2022_1293_1394,1
2022_1314_1394,1
2022_1266_1394,1
2022_1362_1394,1
2022_1231_1394,1
2022_1103_1394,1
2022_1389_1394,1
2022_1313_1394,1
2022_1211_1394,1
2022_1181_1394,1
2022_1116_1394,1
2022_1163_1394,1
2022_1104_1394,1
2022_1277_1394,1
2022_1129_1394,1
2022_1272_1394,1
2022_1172_1394,1
2022_1323_1394,1
2022_1353_1394,1
2022_1308_1394,1
2022_1286_1394,1
2022_1168_1394,1
2022_1209_1394,1
2022_1242_1394,0.938975476
2022_1120_1394,0.952454178
2022_1344_1394,0.887135335
2022_1234_1394,0.941561339
2022_1261_1394,0.948082591
2022_1361_1394,0.89636625
2022_1166_1394,0.813084942
2022_1274_1394,0.866075294
2022_1235_1394,0.877167069
2022_1350_1394,0.84275498
2022_1355_1394,0.820083097
2022_1159_1394,0.578060872
2022_1240_1394,0.56861754
2022_1112_1394,0.94901926
2022_1228_1394,0.920967013
2022_1222_1394,0.959761775
2022_1161_1394,0.899887515
2022_1326_1394,0.897503772
2022_1371_1394,0.888854264
2022_1260_1394,0.877575508
2022_1276_1394,0.87234852
2022_1151_1394,0.805004722
2022_1255_1394,0.6225005
2022_1174_1394,0.541127251
2022_1136_1394,0.517999951
2022_1124_1411,1
2022_1246_1411,1
2022_1345_1411,1
2022_1388_1411,1
2022_1400_1411,1
2022_1293_1411,1
2022_1314_1411,1
2022_1266_1411,1
2022_1362_1411,1
2022_1231_1411,1
2022_1103_1411,1
2022_1389_1411,1
2022_1313_1411,1
2022_1211_1411,1
2022_1181_1411,1
2022_1403_1411,1
2022_1116_1411,1
2022_1163_1411,1
2022_1104_1411,1
2022_1277_1411,1
2022_1129_1411,1
2022_1272_1411,1
2022_1172_1411,1
2022_1323_1411,1
2022_1353_1411,1
2022_1308_1411,1
2022_1286_1411,1
2022_1168_1411,1
2022_1209_1411,1
2022_1242_1411,0.957216949
2022_1120_1411,0.960164761
2022_1344_1411,0.902084514
2022_1234_1411,0.944010361
2022_1261_1411,0.949073474
2022_1361_1411,0.919425692
2022_1166_1411,0.775488346
2022_1274_1411,0.85078944
2022_1235_1411,0.879705697
2022_1350_1411,0.802829538
2022_1355_1411,0.810181837
2022_1159_1411,0.564472416
2022_1240_1411,0.56761126
2022_1394_1411,0.507057661
2022_1112_1411,0.963677952
2022_1397_1411,0.958507688
2022_1228_1411,0.932213411
2022_1222_1411,0.962711936
2022_1161_1411,0.908190934
2022_1326_1411,0.915726326
2022_1371_1411,0.911009105
2022_1395_1411,0.872825268
2022_1260_1411,0.9054555
2022_1276_1411,0.892646736
2022_1151_1411,0.795432998
2022_1255_1411,0.652012005
2022_1174_1411,0.560879491
2022_1136_1411,0.520233147
2022_1103_1112,1
2022_1104_1112,1
2022_1124_1437,1
2022_1246_1437,1
2022_1345_1437,1
2022_1417_1437,1
2022_1388_1437,1
2022_1400_1437,1
2022_1293_1437,1
2022_1314_1437,1
2022_1266_1437,1
2022_1362_1437,1
2022_1231_1437,1
2022_1103_1437,1
2022_1389_1437,1
2022_1313_1437,1
2022_1211_1437,1
2022_1181_1437,1
2022_1403_1437,1
2022_1116_1437,1
2022_1163_1437,1
2022_1104_1437,1
2022_1277_1437,1
2022_1129_1437,1
2022_1272_1437,1
2022_1172_1437,1
2022_1323_1437,1
2022_1353_1437,1
2022_1308_1437,1
2022_1436_1437,1
2022_1286_1437,1
2022_1168_1437,1
2022_1209_1437,1
2022_1242_1437,0.511687528
2022_1120_1437,0.507198549
2022_1344_1437,0.259025303
2022_1234_1437,0.422933574
2022_1261_1437,0.447890432
2022_1425_1437,0.24477439
2022_1361_1437,0.317605573
2022_1166_1437,0.13838717
2022_1274_1437,0.211948153
2022_1235_1437,0.261373463
2022_1350_1437,0.152040661
2022_1355_1437,0.143979237
2022_1159_1437,0.06180768
2022_1240_1437,0.05587032
2022_1394_1437,0.046279153
2022_1411_1437,0.047226925
2022_1112_1437,0.5582358
2022_1397_1437,0.530645166
2022_1228_1437,0.356687842
2022_1222_1437,0.564237788
2022_1161_1437,0.300484472
2022_1326_1437,0.29960204
2022_1371_1437,0.281844347
2022_1395_1437,0.214642367
2022_1260_1437,0.317633882
2022_1276_1437,0.247249288
2022_1412_1437,0.270608131
2022_1151_1437,0.138198962
2022_1255_1437,0.075895824
2022_1174_1437,0.054887376
2022_1136_1437,0.04354104
2022_1124_1397,1
2022_1246_1397,1
2022_1345_1397,1
2022_1388_1397,1
2022_1293_1397,1
2022_1314_1397,1
2022_1266_1397,1
2022_1362_1397,1
2022_1231_1397,1
2022_1103_1397,1
2022_1389_1397,1
2022_1313_1397,1
2022_1211_1397,1
2022_1181_1397,1
2022_1116_1397,1
2022_1163_1397,1
2022_1104_1397,1
2022_1277_1397,1
2022_1129_1397,1
2022_1272_1397,1
2022_1172_1397,1
2022_1323_1397,1
2022_1353_1397,1
2022_1308_1397,1
2022_1286_1397,1
2022_1168_1397,1
2022_1209_1397,1
2022_1242_1397,0.489308279
2022_1120_1397,0.470737449
2022_1344_1397,0.240875126
2022_1234_1397,0.378671989
2022_1261_1397,0.416422271
2022_1361_1397,0.302470179
2022_1166_1397,0.112372568
2022_1274_1397,0.175176115
2022_1235_1397,0.24329599
2022_1350_1397,0.112753293
2022_1355_1397,0.123052175
2022_1159_1397,0.055794585
2022_1240_1397,0.04975887
2022_1394_1397,0.043241897
2022_1112_1397,0.559623649
2022_1228_1397,0.335460042
2022_1222_1397,0.52887995
2022_1161_1397,0.285645614
2022_1326_1397,0.274472244
2022_1371_1397,0.245453479
2022_1395_1397,0.182660103
2022_1260_1397,0.304029586
2022_1276_1397,0.233438672
2022_1151_1397,0.107275359
2022_1255_1397,0.06587121
2022_1174_1397,0.048969257
2022_1136_1397,0.038678679
2022_1124_1228,1
2022_1103_1228,1
2022_1211_1228,1
2022_1181_1228,1
2022_1116_1228,1
2022_1163_1228,1
2022_1104_1228,1
2022_1129_1228,1
2022_1172_1228,1
2022_1168_1228,1
2022_1209_1228,1
2022_1120_1228,0.670937308
2022_1166_1228,0.293693192
2022_1159_1228,0.124810506
2022_1112_1228,0.738227322
2022_1222_1228,0.7181185
2022_1161_1228,0.405650183
2022_1151_1228,0.32645382
2022_1174_1228,0.104411557
2022_1136_1228,0.06062872
2022_1124_1222,1
2022_1103_1222,1
2022_1211_1222,1
2022_1181_1222,1
2022_1116_1222,1
2022_1163_1222,1
2022_1104_1222,1
2022_1129_1222,1
2022_1172_1222,1
2022_1168_1222,1
2022_1209_1222,1
2022_1120_1222,0.400017645
2022_1166_1222,0.098269421
2022_1159_1222,0.05357974
2022_1112_1222,0.47376847
2022_1161_1222,0.210931837
2022_1151_1222,0.100566795
2022_1174_1222,0.045604739
2022_1136_1222,0.035471521
2022_1124_1161,1
2022_1103_1161,1
2022_1116_1161,1
2022_1104_1161,1
2022_1129_1161,1
2022_1120_1161,0.731814826
2022_1159_1161,0.257379572
2022_1112_1161,0.781678288
2022_1151_1161,0.404408116
2022_1136_1161,0.094430073
2022_1124_1326,1
2022_1246_1326,1
2022_1293_1326,1
2022_1314_1326,1
2022_1266_1326,1
2022_1231_1326,1
2022_1103_1326,1
2022_1313_1326,1
2022_1211_1326,1
2022_1181_1326,1
2022_1116_1326,1
2022_1163_1326,1
2022_1104_1326,1
2022_1277_1326,1
2022_1129_1326,1
2022_1272_1326,1
2022_1172_1326,1
2022_1323_1326,1
2022_1308_1326,1
2022_1286_1326,1
2022_1168_1326,1
2022_1209_1326,1
2022_1242_1326,0.767300594
2022_1120_1326,0.73568991
2022_1234_1326,0.64696227
2022_1261_1326,0.674175662
2022_1166_1326,0.360969593
2022_1274_1326,0.398061558
2022_1235_1326,0.459770934
2022_1159_1326,0.275489783
2022_1240_1326,0.164122422
2022_1112_1326,0.810995684
2022_1228_1326,0.556138623
2022_1222_1326,0.782673103
2022_1161_1326,0.462978575
2022_1260_1326,0.5398832
2022_1276_1326,0.433944359
2022_1151_1326,0.401517797
2022_1255_1326,0.248458118
2022_1174_1326,0.209643657
2022_1136_1326,0.091682103
2022_1124_1371,1
2022_1246_1371,1
2022_1345_1371,1
2022_1293_1371,1
2022_1314_1371,1
2022_1266_1371,1
2022_1362_1371,1
2022_1231_1371,1
2022_1103_1371,1
2022_1313_1371,1
2022_1211_1371,1
2022_1181_1371,1
2022_1116_1371,1
2022_1163_1371,1
2022_1104_1371,1
2022_1277_1371,1
2022_1129_1371,1
2022_1272_1371,1
2022_1172_1371,1
2022_1323_1371,1
2022_1353_1371,1
2022_1308_1371,1
2022_1286_1371,1
2022_1168_1371,1
2022_1209_1371,1
2022_1242_1371,0.752373346
2022_1120_1371,0.727872652
2022_1344_1371,0.419248345
2022_1234_1371,0.659529314
2022_1261_1371,0.678408678
2022_1361_1371,0.487267118
2022_1166_1371,0.348265739
2022_1274_1371,0.381120476
2022_1235_1371,0.43994205
2022_1350_1371,0.379879583
2022_1355_1371,0.349012337
2022_1159_1371,0.257167127
2022_1240_1371,0.167697561
2022_1112_1371,0.790116157
2022_1228_1371,0.526946593
2022_1222_1371,0.791023455
2022_1161_1371,0.469518049
2022_1326_1371,0.492874051
2022_1260_1371,0.518694368
2022_1276_1371,0.416807756
2022_1151_1371,0.366608218
2022_1255_1371,0.250604123
2022_1174_1371,0.185275604
2022_1136_1371,0.087460839
2022_1124_1395,1
2022_1246_1395,1
2022_1345_1395,1
2022_1388_1395,1
2022_1293_1395,1
2022_1314_1395,1
2022_1266_1395,1
2022_1362_1395,1
2022_1231_1395,1
2022_1103_1395,1
2022_1389_1395,1
2022_1313_1395,1
2022_1211_1395,1
2022_1181_1395,1
2022_1116_1395,1
2022_1163_1395,1
2022_1104_1395,1
2022_1277_1395,1
2022_1129_1395,1
2022_1272_1395,1
2022_1172_1395,1
2022_1323_1395,1
2022_1353_1395,1
2022_1308_1395,1
2022_1286_1395,1
2022_1168_1395,1
2022_1209_1395,1
2022_1242_1395,0.793985471
2022_1120_1395,0.781517447
2022_1344_1395,0.524183652
2022_1234_1395,0.703578562
2022_1261_1395,0.696109896
2022_1361_1395,0.585650305
2022_1166_1395,0.416951181
2022_1274_1395,0.454190908
2022_1235_1395,0.494921655
2022_1350_1395,0.434694557
2022_1355_1395,0.432036583
2022_1159_1395,0.314616449
2022_1240_1395,0.259522111
2022_1394_1395,0.155910791
2022_1112_1395,0.821038638
2022_1228_1395,0.608809948
2022_1222_1395,0.812000359
2022_1161_1395,0.54381698
2022_1326_1395,0.556482687
2022_1371_1395,0.573863862
2022_1260_1395,0.584225051
2022_1276_1395,0.506612017
2022_1151_1395,0.446129445
2022_1255_1395,0.317585199
2022_1174_1395,0.294100457
2022_1136_1395,0.127142295
2022_1124_1260,1
2022_1246_1260,1
2022_1231_1260,1
2022_1103_1260,1
2022_1211_1260,1
2022_1181_1260,1
2022_1116_1260,1
2022_1163_1260,1
2022_1104_1260,1
2022_1129_1260,1
2022_1172_1260,1
2022_1168_1260,1
2022_1209_1260,1
2022_1242_1260,0.708508131
2022_1120_1260,0.685923591
2022_1234_1260,0.623502506
2022_1166_1260,0.352229699
2022_1235_1260,0.448167911
2022_1159_1260,0.210195425
2022_1240_1260,0.141463439
2022_1112_1260,0.741469817
2022_1228_1260,0.529696361
2022_1222_1260,0.745192279
2022_1161_1260,0.459617021
2022_1151_1260,0.37203843
2022_1255_1260,0.216281055
2022_1174_1260,0.154000386
2022_1136_1260,0.094951732
2022_1124_1276,1
2022_1246_1276,1
2022_1266_1276,1
2022_1231_1276,1
2022_1103_1276,1
2022_1211_1276,1
2022_1181_1276,1
2022_1116_1276,1
2022_1163_1276,1
2022_1104_1276,1
2022_1129_1276,1
2022_1272_1276,1
2022_1172_1276,1
2022_1168_1276,1
2022_1209_1276,1
2022_1242_1276,0.798390486
2022_1120_1276,0.790708697
2022_1234_1276,0.69050059
2022_1261_1276,0.71794161
2022_1166_1276,0.377285231
2022_1274_1276,0.423126169
2022_1235_1276,0.493504038
2022_1159_1276,0.30775048
2022_1240_1276,0.209534583
2022_1112_1276,0.840505432
2022_1228_1276,0.619240635
2022_1222_1276,0.828809237
2022_1161_1276,0.523459223
2022_1260_1276,0.563066776
2022_1151_1276,0.431347098
2022_1255_1276,0.28527188
2022_1174_1276,0.241867837
2022_1136_1276,0.113022512
2022_1124_1412,1
2022_1246_1412,1
2022_1345_1412,1
2022_1388_1412,1
2022_1400_1412,1
2022_1293_1412,1
2022_1314_1412,1
2022_1266_1412,1
2022_1362_1412,1
2022_1231_1412,1
2022_1103_1412,1
2022_1389_1412,1
2022_1313_1412,1
2022_1211_1412,1
2022_1181_1412,1
2022_1403_1412,1
2022_1116_1412,1
2022_1163_1412,1
2022_1104_1412,1
2022_1277_1412,1
2022_1129_1412,1
2022_1272_1412,1
2022_1172_1412,1
2022_1323_1412,1
2022_1353_1412,1
2022_1308_1412,1
2022_1286_1412,1
2022_1168_1412,1
2022_1209_1412,1
2022_1242_1412,0.771683169
2022_1120_1412,0.751312479
2022_1344_1412,0.450205833
2022_1234_1412,0.667694683
2022_1261_1412,0.691730925
2022_1361_1412,0.480677209
2022_1166_1412,0.370938261
2022_1274_1412,0.400861793
2022_1235_1412,0.443967258
2022_1350_1412,0.384237119
2022_1355_1412,0.372225865
2022_1159_1412,0.268937121
2022_1240_1412,0.188883154
2022_1394_1412,0.1284933
2022_1411_1412,0.120223963
2022_1112_1412,0.813231726
2022_1397_1412,0.771603075
2022_1228_1412,0.603098635
2022_1222_1412,0.799978853
2022_1161_1412,0.469003512
2022_1326_1412,0.490254347
2022_1371_1412,0.476481862
2022_1395_1412,0.406849129
2022_1260_1412,0.51474531
2022_1276_1412,0.429922765
2022_1151_1412,0.388939196
2022_1255_1412,0.242758229
2022_1174_1412,0.206651102
2022_1136_1412,0.112175765
2022_1124_1151,1
2022_1103_1151,1
2022_1116_1151,1
2022_1104_1151,1
2022_1129_1151,1
2022_1120_1151,0.895114767
2022_1112_1151,0.865548657
2022_1136_1151,0.254774205
2022_1124_1255,1
2022_1246_1255,1
2022_1231_1255,1
2022_1103_1255,1
2022_1211_1255,1
2022_1181_1255,1
2022_1116_1255,1
2022_1163_1255,1
2022_1104_1255,1
2022_1129_1255,1
2022_1172_1255,1
2022_1168_1255,1
2022_1209_1255,1
2022_1242_1255,0.913249478
2022_1120_1255,0.898093675
2022_1234_1255,0.891508198
2022_1166_1255,0.587479979
2022_1235_1255,0.674837146
2022_1159_1255,0.510349578
2022_1240_1255,0.494091655
2022_1112_1255,0.909057627
2022_1228_1255,0.823581443
2022_1222_1255,0.935120169
2022_1161_1255,0.728601404
2022_1151_1255,0.583031093
2022_1174_1255,0.468872813
2022_1136_1255,0.425289365
2022_1124_1174,1
2022_1103_1174,1
2022_1116_1174,1
2022_1163_1174,1
2022_1104_1174,1
2022_1129_1174,1
2022_1172_1174,1
2022_1168_1174,1
2022_1120_1174,0.952688157
2022_1166_1174,0.590281026
2022_1159_1174,0.516228957
2022_1112_1174,0.946238103
2022_1161_1174,0.791530998
2022_1151_1174,0.607905396
2022_1136_1174,0.428183113
2022_1124_1136,1
2022_1103_1136,1
2022_1116_1136,1
2022_1104_1136,1
2022_1129_1136,1
2022_1120_1136,0.962355012
2022_1112_1136,0.962164327
2022_1124_1460,1
2022_1246_1460,1
2022_1345_1460,1
2022_1417_1460,1
2022_1388_1460,1
2022_1400_1460,1
2022_1293_1460,1
2022_1314_1460,1
2022_1266_1460,1
2022_1362_1460,1
2022_1439_1460,1
2022_1231_1460,1
2022_1103_1460,1
2022_1389_1460,1
2022_1313_1460,1
2022_1211_1460,1
2022_1181_1460,1
2022_1403_1460,1
2022_1116_1460,1
2022_1163_1460,1
2022_1104_1460,1
2022_1277_1460,1
2022_1129_1460,1
2022_1272_1460,1
2022_1172_1460,1
2022_1323_1460,1
2022_1353_1460,1
2022_1308_1460,1
2022_1436_1460,1
2022_1286_1460,1
2022_1168_1460,1
2022_1209_1460,1
2022_1242_1460,0.954558495
2022_1120_1460,0.956625382
2022_1458_1460,0.911111771
2022_1344_1460,0.866123134
2022_1234_1460,0.944366072
2022_1261_1460,0.945375721
2022_1425_1460,0.851827056
2022_1361_1460,0.890869093
2022_1166_1460,0.712188707
2022_1274_1460,0.822927969
2022_1235_1460,0.855120827
2022_1350_1460,0.691426264
2022_1355_1460,0.738116073
2022_1159_1460,0.552376359
2022_1240_1460,0.529825252
2022_1394_1460,0.468286073
2022_1411_1460,0.47433809
2022_1112_1460,0.955614853
2022_1437_1460,0.952117502
2022_1397_1460,0.958283686
2022_1228_1460,0.919997044
2022_1222_1460,0.957864623
2022_1161_1460,0.892653795
2022_1326_1460,0.88328407
2022_1371_1460,0.897938092
2022_1395_1460,0.782418765
2022_1260_1460,0.892100068
2022_1276_1460,0.862809078
2022_1412_1460,0.840370523
2022_1151_1460,0.685234228
2022_1255_1460,0.590705612
2022_1174_1460,0.525596475
2022_1136_1460,0.469034096
